,distortion,silhouette_score
0,4752.322811456018,0.6246044742784894
1,2766.5880877260497,0.6621434091294762
2,2254.958203543074,0.7027677780175391
